Timestamp,Location_X,Location_Y,Speed_kmh,Objects_Tracked
00:11:41.003,-7.53,142.19,0.1,0
00:11:41.179,-7.53,142.19,0.03,0
00:11:41.324,-7.53,142.19,0.01,0
00:11:41.471,-7.53,142.19,0.01,0
00:11:41.623,-7.53,142.19,0.0,0
00:11:41.772,-7.53,142.19,0.0,0
00:11:41.918,-7.53,142.19,0.0,0
00:11:42.070,-7.53,142.19,0.0,0
00:11:42.218,-7.53,142.19,0.0,1
00:11:42.373,-7.53,142.19,0.0,0
00:11:42.522,-7.53,142.19,0.0,1
00:11:42.670,-7.53,142.19,0.0,0
00:11:42.821,-7.53,142.19,0.0,1
00:11:42.975,-7.53,142.19,0.0,0
00:11:43.118,-7.53,142.19,0.0,0
00:11:43.274,-7.53,142.19,0.0,0
00:11:43.423,-7.53,142.19,0.0,0
00:11:43.568,-7.53,142.19,0.0,0
00:11:43.721,-7.53,142.19,0.0,0
00:11:43.868,-7.53,142.19,0.0,0
00:11:44.019,-7.53,142.19,0.0,0
00:11:44.169,-7.53,142.19,0.0,0
00:11:44.321,-7.53,142.19,0.0,0
00:11:44.467,-7.53,142.19,0.0,0
00:11:44.620,-7.53,142.19,0.0,0
00:11:44.770,-7.53,142.19,0.01,0
00:11:44.925,-7.53,142.19,0.01,0
00:11:45.072,-7.53,142.19,0.0,0
00:11:45.223,-7.53,142.2,2.03,0
00:11:45.377,-7.53,142.46,9.35,0
00:11:45.522,-7.52,142.94,13.69,0
00:11:45.671,-7.51,143.58,15.3,0
00:11:45.819,-7.51,144.17,13.32,0
00:11:45.968,-7.51,144.67,10.91,0
00:11:46.119,-7.5,145.07,8.52,0
00:11:46.271,-7.5,145.38,6.29,0
00:11:46.417,-7.5,145.57,0.97,0
00:11:46.570,-7.5,145.57,0.0,0
00:11:46.721,-7.5,145.57,0.0,0
00:11:46.870,-7.5,145.57,0.0,0
00:11:47.018,-7.5,145.57,0.0,0
00:11:47.170,-7.5,145.57,0.0,0
00:11:47.318,-7.5,145.57,0.0,0
00:11:47.468,-7.5,145.57,0.0,0
00:11:47.620,-7.5,145.57,0.0,0
00:11:47.775,-7.5,145.57,0.0,0
00:11:47.922,-7.5,145.57,0.0,0
00:11:48.072,-7.5,145.57,0.0,0
00:11:48.215,-7.5,145.57,0.0,0
00:11:48.369,-7.5,145.57,0.0,0
00:11:48.521,-7.5,145.57,0.0,0
00:11:48.670,-7.5,145.57,0.0,0
00:11:48.819,-7.5,145.57,0.0,1
00:11:48.970,-7.5,145.57,0.0,0
00:11:49.117,-7.5,145.57,0.0,0
00:11:49.272,-7.5,145.57,0.0,0
00:11:49.417,-7.5,145.57,0.0,0
00:11:49.569,-7.5,145.57,0.0,0
00:11:49.718,-7.5,145.57,0.0,0
00:11:49.866,-7.5,145.57,0.0,0
00:11:50.022,-7.5,145.57,0.0,0
00:11:50.165,-7.5,145.57,0.0,0
00:11:50.317,-7.5,145.57,0.0,0
00:11:50.472,-7.5,145.57,0.0,0
00:11:50.618,-7.5,145.57,0.0,0
00:11:50.772,-7.5,145.57,0.0,0
00:11:50.920,-7.5,145.57,0.0,1
00:11:51.069,-7.5,145.57,0.0,0
00:11:51.219,-7.5,145.57,0.0,1
00:11:51.368,-7.5,145.57,0.0,0
00:11:51.517,-7.5,145.57,0.0,1
00:11:51.667,-7.5,145.57,0.0,0
00:11:51.821,-7.5,145.57,0.0,0
00:11:51.969,-7.5,145.57,0.0,0
00:11:52.118,-7.5,145.57,0.0,0
00:11:52.270,-7.5,145.57,0.0,0
00:11:52.416,-7.5,145.57,0.0,0
00:11:52.568,-7.5,145.57,0.0,0
00:11:52.717,-7.5,145.57,0.0,0
00:11:52.870,-7.5,145.57,0.0,0
00:11:53.023,-7.5,145.57,0.0,0
00:11:53.172,-7.5,145.57,0.0,0
00:11:53.316,-7.5,145.57,0.0,0
00:11:53.467,-7.5,145.57,0.0,0
00:11:53.619,-7.5,145.57,0.0,0
00:11:53.770,-7.5,145.57,0.0,0
00:11:53.918,-7.5,145.57,0.0,0
00:11:54.070,-7.5,145.57,0.0,0
00:11:54.219,-7.5,145.57,0.0,0
00:11:54.367,-7.5,145.57,0.0,0
00:11:54.518,-7.5,145.57,0.0,0
00:11:54.679,-7.5,145.57,0.0,0
00:11:54.817,-7.5,145.57,0.0,0
00:11:54.965,-7.5,145.57,0.0,0
00:11:55.119,-7.5,145.57,0.0,0
00:11:55.265,-7.5,145.57,0.0,0
00:11:55.417,-7.5,145.57,0.0,0
00:11:55.568,-7.5,145.57,0.0,0
00:11:55.720,-7.5,145.57,0.0,0
00:11:55.868,-7.5,145.57,0.0,0
00:11:56.025,-7.5,145.57,0.0,0
00:11:56.169,-7.5,145.57,0.0,0
00:11:56.316,-7.5,145.57,0.0,0
00:11:56.465,-7.5,145.57,0.0,0
00:11:56.618,-7.5,145.57,0.0,0
00:11:56.773,-7.5,145.57,0.0,0
00:11:56.916,-7.5,145.57,0.0,0
00:11:57.066,-7.5,145.57,0.0,0
00:11:57.217,-7.5,145.57,0.0,0
00:11:57.367,-7.5,145.57,0.0,0
00:11:57.520,-7.5,145.57,0.0,0
00:11:57.686,-7.5,145.57,0.0,0
00:11:57.818,-7.5,145.57,0.0,0
00:11:57.968,-7.5,145.57,0.0,0
00:11:58.125,-7.5,145.57,0.0,0
00:11:58.268,-7.5,145.57,0.0,0
00:11:58.419,-7.5,145.57,0.0,0
00:11:58.568,-7.5,145.57,0.0,0
00:11:58.719,-7.5,145.57,0.0,0
00:11:58.874,-7.5,145.57,0.0,0
00:11:59.021,-7.5,145.57,0.0,0
00:11:59.170,-7.5,145.57,0.0,0
00:11:59.320,-7.5,145.57,0.0,0
00:11:59.470,-7.5,145.57,0.0,0
00:11:59.617,-7.5,145.57,0.0,0
00:11:59.771,-7.5,145.57,0.0,0
00:11:59.917,-7.5,145.57,0.0,0
00:12:00.071,-7.5,145.57,0.0,0
00:12:00.218,-7.5,145.57,0.0,0
00:12:00.370,-7.5,145.57,0.0,0
00:12:00.519,-7.5,145.57,0.0,0
00:12:00.669,-7.5,145.57,0.0,0
00:12:00.816,-7.5,145.57,0.0,0
00:12:00.975,-7.5,145.57,0.0,0
00:12:01.118,-7.5,145.57,0.0,0
00:12:01.273,-7.5,145.57,0.0,0
00:12:01.416,-7.5,145.57,0.0,0
00:12:01.572,-7.5,145.57,0.0,0
00:12:01.718,-7.5,145.57,0.0,0
00:12:01.867,-7.5,145.57,0.0,0
00:12:02.019,-7.5,145.57,0.0,0
00:12:02.168,-7.5,145.57,0.0,0
00:12:02.316,-7.5,145.57,0.0,0
00:12:02.467,-7.5,145.57,0.0,0
00:12:02.619,-7.5,145.57,0.0,0
00:12:02.767,-7.5,145.57,0.0,0
00:12:02.918,-7.5,145.57,0.0,0
00:12:03.068,-7.5,145.57,0.0,0
00:12:03.219,-7.5,145.57,0.0,0
00:12:03.366,-7.5,145.57,0.0,0
00:12:03.517,-7.5,145.57,0.0,0
00:12:03.670,-7.5,145.57,0.0,0
00:12:03.817,-7.5,145.57,0.0,0
00:12:03.971,-7.5,145.57,0.0,0
00:12:04.119,-7.5,145.57,0.0,0
00:12:04.272,-7.5,145.57,0.0,0
00:12:04.421,-7.5,145.57,0.0,0
00:12:04.570,-7.5,145.57,0.0,0
00:12:04.725,-7.5,145.57,0.0,0
00:12:04.868,-7.5,145.57,0.0,0
00:12:05.023,-7.5,145.57,0.0,0
00:12:05.167,-7.5,145.57,0.0,0
00:12:05.320,-7.5,145.57,0.0,0
00:12:05.470,-7.5,145.57,0.0,0
00:12:05.623,-7.5,145.57,0.0,0
00:12:05.771,-7.5,145.57,0.0,0
00:12:05.917,-7.5,145.57,0.0,0
00:12:06.070,-7.5,145.57,0.0,0
00:12:06.219,-7.5,145.57,0.0,0
00:12:06.367,-7.5,145.57,0.0,0
00:12:06.515,-7.5,145.57,0.0,0
00:12:06.668,-7.5,145.57,0.0,0
00:12:06.822,-7.5,145.57,0.0,0
00:12:06.969,-7.5,145.57,0.0,0
00:12:07.121,-7.5,145.57,0.0,0
00:12:07.277,-7.5,145.57,0.0,0
00:12:07.420,-7.5,145.57,0.0,0
00:12:07.569,-7.5,145.57,0.0,0
00:12:07.717,-7.5,145.57,0.0,0
00:12:07.880,-7.5,145.57,0.0,0
00:12:08.022,-7.5,145.57,0.0,0
00:12:08.174,-7.5,145.57,0.0,0
00:12:08.318,-7.5,145.57,0.0,0
00:12:08.467,-7.5,145.57,0.0,0
00:12:08.620,-7.5,145.57,0.0,0
00:12:08.767,-7.5,145.57,0.0,0
00:12:08.916,-7.5,145.57,0.0,0
00:12:09.071,-7.5,145.57,0.0,0
00:12:09.222,-7.5,145.57,0.0,0
00:12:09.367,-7.5,145.57,0.0,0
00:12:09.516,-7.5,145.57,0.0,0
00:12:09.668,-7.5,145.57,0.0,0
00:12:09.815,-7.5,145.57,0.0,0
00:12:09.974,-7.5,145.57,0.0,0
00:12:10.119,-7.5,145.57,0.0,0
00:12:10.274,-7.5,145.57,0.0,0
00:12:10.418,-7.5,145.57,0.0,0
00:12:10.564,-7.5,145.57,0.0,0
00:12:10.716,-7.5,145.57,0.0,0
00:12:10.875,-7.5,145.57,0.0,0
00:12:11.023,-7.5,145.57,0.0,0
00:12:11.177,-7.5,145.57,0.0,0
00:12:11.316,-7.5,145.57,0.0,0
00:12:11.476,-7.5,145.57,0.0,0
00:12:11.618,-7.5,145.57,0.0,0
00:12:11.774,-7.5,145.57,0.0,0
00:12:11.916,-7.5,145.57,0.0,0
00:12:12.065,-7.5,145.57,0.0,0
00:12:12.220,-7.5,145.57,0.0,0
00:12:12.366,-7.5,145.59,1.46,0
00:12:12.519,-7.5,145.72,4.91,0
00:12:12.669,-7.5,146.02,8.87,0
00:12:12.820,-7.49,146.47,12.62,0
00:12:12.967,-7.49,147.07,16.29,0
00:12:13.120,-7.48,147.83,19.95,0
00:12:13.269,-7.48,148.73,23.58,0
00:12:13.420,-7.47,149.78,25.89,0
00:12:13.575,-7.47,150.87,25.79,0
00:12:13.736,-7.47,151.98,25.07,0
00:12:13.871,-7.46,152.94,24.5,0
00:12:14.025,-7.46,153.99,24.6,0
00:12:14.172,-7.46,155.01,25.32,0
00:12:14.329,-7.46,156.1,25.1,0
00:12:14.481,-7.46,157.14,24.15,0
00:12:14.622,-7.46,158.09,24.1,0
00:12:14.775,-7.46,159.13,24.37,0
00:12:14.935,-7.46,160.19,24.54,0
00:12:15.071,-7.46,161.18,24.53,0
00:12:15.226,-7.46,162.19,23.73,0
00:12:15.371,-7.46,163.14,23.85,0
00:12:15.529,-7.46,164.15,24.33,0
00:12:15.672,-7.46,165.17,24.51,0
00:12:15.823,-7.46,166.19,24.26,0
00:12:15.977,-7.46,167.22,23.75,0
00:12:16.125,-7.46,168.2,24.87,0
00:12:16.275,-7.46,169.37,28.35,0
00:12:16.430,-7.46,170.59,31.78,0
00:12:16.582,-7.46,172.0,33.8,0
00:12:16.721,-7.46,173.34,33.46,0
00:12:16.871,-7.46,174.72,33.47,0
00:12:17.035,-7.46,176.21,34.22,0
00:12:17.179,-7.46,177.6,34.51,0
00:12:17.324,-7.46,179.02,34.52,0
00:12:17.489,-7.46,180.53,34.51,0
00:12:17.628,-7.46,181.86,34.51,0
00:12:17.788,-7.46,183.34,34.47,0
00:12:17.958,-7.45,185.09,34.44,0
00:12:18.101,-7.45,186.39,34.38,0
00:12:18.233,-7.45,187.73,34.4,0
00:12:18.381,-7.45,189.06,34.38,0
00:12:18.538,-7.45,190.62,34.39,0
00:12:18.671,-7.45,191.9,34.38,0
00:12:18.837,-7.45,193.51,34.37,0
00:12:18.978,-7.45,194.8,34.37,0
00:12:19.123,-7.45,196.19,34.37,0
00:12:19.288,-7.45,197.7,34.35,0
00:12:19.432,-7.45,199.21,34.34,0
00:12:19.580,-7.45,200.63,34.37,0
00:12:19.725,-7.45,202.01,34.37,0
00:12:19.879,-7.45,203.47,34.37,0
00:12:20.026,-7.45,204.87,34.37,0
00:12:20.167,-7.45,206.21,34.36,0
00:12:20.323,-7.45,207.68,34.36,0
00:12:20.472,-7.45,209.12,34.36,0
00:12:20.620,-7.45,210.54,34.36,0
00:12:20.769,-7.45,211.95,34.36,0
00:12:20.921,-7.45,213.4,34.36,0
00:12:21.075,-7.45,214.88,34.36,0
00:12:21.221,-7.45,216.27,34.36,0
00:12:21.366,-7.45,217.67,34.36,0
00:12:21.520,-7.45,219.13,34.36,0
00:12:21.671,-7.45,220.57,34.36,0
00:12:21.824,-7.45,222.02,34.36,0
00:12:21.966,-7.45,223.41,34.36,1
00:12:22.120,-7.45,224.87,34.36,0
00:12:22.270,-7.45,226.29,34.36,0
00:12:22.423,-7.45,227.74,34.36,0
00:12:22.571,-7.44,229.17,34.36,0
00:12:22.718,-7.44,230.57,34.36,0
00:12:22.871,-7.44,232.03,34.36,0
00:12:23.022,-7.44,233.44,34.36,0
00:12:23.179,-7.44,235.0,34.36,0
00:12:23.317,-7.44,236.28,34.36,0
00:12:23.472,-7.44,237.75,34.36,1
00:12:23.619,-7.44,239.15,34.36,0
00:12:23.766,-7.44,240.58,34.36,0
00:12:23.919,-7.44,242.03,34.36,0
00:12:24.070,-7.44,243.48,34.36,0
00:12:24.220,-7.44,244.89,34.36,0
00:12:24.368,-7.44,246.33,34.36,0
00:12:24.515,-7.44,247.73,34.36,0
00:12:24.681,-7.44,249.32,34.36,0
00:12:24.820,-7.44,250.63,34.36,0
00:12:24.981,-7.43,252.13,34.36,0
00:12:25.121,-7.43,253.46,34.36,0
00:12:25.267,-7.43,254.91,34.36,0
00:12:25.418,-7.43,256.34,34.36,0
00:12:25.569,-7.43,257.78,34.36,0
00:12:25.717,-7.43,259.19,34.36,0
00:12:25.870,-7.42,260.66,34.36,0
00:12:26.026,-7.42,262.13,34.36,0
00:12:26.175,-7.42,263.56,34.36,0
00:12:26.326,-7.42,264.99,34.36,0
00:12:26.470,-7.41,266.38,34.36,0
00:12:26.623,-7.41,267.82,34.36,0
00:12:26.775,-7.41,269.29,34.36,0
00:12:26.940,-7.41,270.81,34.36,0
00:12:27.075,-7.41,272.14,34.36,0
00:12:27.226,-7.4,273.52,34.36,0
00:12:27.375,-7.4,274.97,34.36,0
00:12:27.526,-7.4,276.48,34.36,0
00:12:27.691,-7.4,277.99,34.36,0
00:12:27.844,-7.39,279.34,34.36,0
00:12:27.979,-7.39,280.69,34.33,0
00:12:28.125,-7.39,282.12,34.36,0
00:12:28.277,-7.39,283.53,34.35,0
00:12:28.425,-7.39,285.02,34.37,0
00:12:28.582,-7.38,286.51,34.36,0
00:12:28.729,-7.38,287.86,34.36,0
00:12:28.871,-7.37,289.27,34.35,0
00:12:29.048,-7.31,290.87,34.33,0
00:12:29.171,-7.22,292.14,34.31,0
00:12:29.328,-7.02,293.59,34.27,0
00:12:29.480,-6.73,294.99,34.23,0
00:12:29.630,-6.31,296.36,34.16,0
00:12:29.799,-5.69,297.82,34.17,0
00:12:29.931,-5.08,298.91,34.15,0
00:12:30.084,-4.25,300.09,34.1,0
00:12:30.230,-3.32,301.11,34.1,0
00:12:30.379,-2.27,302.03,34.12,0
00:12:30.525,-1.12,302.84,34.16,0
00:12:30.688,0.1,303.52,34.21,0
00:12:30.833,1.49,304.14,34.25,0
00:12:30.987,2.88,304.62,34.28,0
00:12:31.116,4.11,304.97,34.3,0
00:12:31.283,5.62,305.31,34.32,0
00:12:31.427,6.97,305.55,34.34,0
00:12:31.574,8.34,305.74,34.34,0
00:12:31.740,9.93,305.92,34.34,0
00:12:31.888,11.29,306.04,34.35,0
00:12:32.026,12.64,306.14,34.32,0
00:12:32.170,14.03,306.22,34.36,0
